{
  "project_info": {
    "project_number": "482476122102",
    "firebase_url": "https://study-app-85759-default-rtdb.firebaseio.com",
    "project_id": "study-app-85759",
    "storage_bucket": "study-app-85759.appspot.com"
  },
  "client": [
    {
      "client_info": {
        "mobilesdk_app_id": "1:482476122102:android:25d7ec678e3b908739f1d7",
        "android_client_info": {
          "package_name": "com.example.studyapp"
        }
      },
      "oauth_client": [
        {
          "client_id": "482476122102-97mj4o227bva038ohbiojd4qm11uivn3.apps.googleusercontent.com",
          "client_type": 3
        }
      ],
      "api_key": [
        {
          "current_key": "AIzaSyCS8wtGHkpax-60mQXM2NJYDUXqGO2X-_0"
        }
      ],
      "services": {
        "appinvite_service": {
          "other_platform_oauth_client": [
            {
              "client_id": "482476122102-97mj4o227bva038ohbiojd4qm11uivn3.apps.googleusercontent.com",
              "client_type": 3
            }
          ]
        }
      }
    }
  ],
  "configuration_version": "1"
}